Unique URL,Nation Name,WA Category,Civil Rights,Economy,Political Freedom
nation=bright_angel,The Sadistic Republic of Bright Angel,Iron Fist Consumerists,Outlawed,Frightening,Unheard Of
nation=hc_eredivisie,The Thirteen Zombie Hells of HC Eredivisie,Iron Fist Consumerists,Few,Frightening,Few
nation=undivulged_principles,The Confederacy of Undivulged Principles,Left-wing Utopia,Superb,Frightening,Excessive
nation=northern_borland,The Allied Corporate Empire of Northern Borland,Capitalizt,Superb,Frightening,Good
nation=little_flowers,The Empire of Little Flowers,Capitalizt,Excellent,Frightening,Below Average
nation=abu_ammar,The Holiest Flavor of ABU AMMAR,Father Knows Best State,Some,Frightening,Unheard Of
nation=the_grendels,The Indomitable Borderlands of The Grendels,Compulsory Consumerist State,Some,Frightening,Unheard Of
nation=the_centauri,The Burlesque Republic of The Centauri,Compulsory Consumerist State,Very Good,Frightening,Few
nation=koffee,The Richly Blended Peoples of Koffee,Capitalist Paradise,Average,Frightening,Average
nation=americad,The Unassuming Puppet State of Americad,Iron Fist Consumerists,Unheard Of,Frightening,Outlawed
nation=despoticania,The Despotic Dictatorship of Despoticania,Psychotic Dictatorship,Few,Frightening,Outlawed
nation=josephland,The Corporate Dictatorship of Josephland,Iron Fist Consumerists,Outlawed,Frightening,Outlawed
nation=clench,The Popsicle Pete Nation of Clench,Iron Fist Consumerists,Outlawed,Frightening,Outlawed
nation=nak_nak,The Allmighty Power of Nak nak,Compulsory Consumerist State,Below Average,Frightening,Unheard Of
nation=isla_vista,The Godless Mercantile Nexus of Isla Vista,Compulsory Consumerist State,Average,Frightening,Few
nation=complete_bastards,The Dominion of Complete Bastards,Iron Fist Consumerists,Outlawed,Frightening,Outlawed
nation=the_real_matrix,The Little Brotherhood of The Real Matrix,Iron Fist Consumerists,Rare,Frightening,Outlawed
nation=wulfhelm,The Soul-Crushing Factories of Wulfhelm,Corporate Police State,Few,Frightening,Unheard Of
nation=east_borland,The Exalted Supremacy of East Borland,Iron Fist Consumerists,Unheard Of,Frightening,Unheard Of
nation=trixmonia,The Ironwill Dictatorship of Trixmonia,Father Knows Best State,Some,Frightening,Unheard Of
nation=daedra1a,The Modern Portfolio Theory of Daedra1a,Capitalist Paradise,Very Good,Frightening,Excellent
nation=tremalkier,The Insatiable Economic Hitmen of Tremalkier,Capitalizt,Excellent,Frightening,Average
nation=the_knight_who_says_ni,The Allmighty Nak Nakian Colony of The knight who says NI,Compulsory Consumerist State,Good,Frightening,Rare
nation=techno,The Allmighty Nak Nakian Colony of Techno,Corporate Police State,Rare,Frightening,Unheard Of
nation=myrth,The NPO High Inquisitor of Myrth,Compulsory Consumerist State,Very Good,Frightening,Few
nation=los_santos,The Very Large Safari Park of Los Santos,Iron Fist Consumerists,Unheard Of,Frightening,Unheard Of
nation=midlands,The United States of Midlands,Anarchy,Superb,Frightening,Widely Abused
nation=mackintosh,The Grotesque Playground of Mackintosh,Compulsory Consumerist State,Below Average,Frightening,Unheard Of
nation=klesh,The Holy Empire of Klesh,Iron Fist Consumerists,Outlawed,Frightening,Unheard Of
nation=the_zocalo,The Sexy Spacefaring Shogunate of The Zocalo,Capitalist Paradise,Good,Frightening,Average
nation=edgemaster,The Infection of Edgemaster,Compulsory Consumerist State,Very Good,Frightening,Few
nation=israeli_airstrikes,The Oppressive Oppressors of Israeli Airstrikes,Corporate Police State,Unheard Of,Frightening,Outlawed
nation=terrians,The Hell Hole of Terrians,Corporate Police State,Outlawed,Frightening,Outlawed
nation=muspellheim,The Brennanndi Ríki of Muspellheim,Corporate Police State,Rare,Frightening,Rare
nation=look_at_me,The Zombie Nukers of Look at me,Corporate Police State,Unheard Of,Frightening,Unheard Of
nation=aurora_islands,The Armed Corporations of Aurora Islands,Capitalist Paradise,Very Good,Frightening,Very Good
nation=ewing_oil_co,The Barnes-Free Conglomerate of Ewing Oil Co,Corporate Police State,Few,Frightening,Few
nation=the_captain,The Dominion of The Captain,Corporate Police State,Some,Frightening,Rare
nation=le_duche,The Grand Duchy Duchy Dutch of Le Duche,Compulsory Consumerist State,Some,Frightening,Unheard Of
nation=cthonian_wasteland,The Architeuthis Dux of Cthonian Wasteland,Inoffensive Centrist Democracy,Excellent,Frightening,Below Average
nation=the_iron_league,The Supreme Dictatorship of The Iron League,Corporate Police State,Outlawed,Frightening,Unheard Of
nation=the_souless_damned,The Grim Wastelands of The Souless Damned,Father Knows Best State,Some,Frightening,Unheard Of
nation=king_carl,The Mysterious Airship of King Carl,Iron Fist Consumerists,Rare,Frightening,Rare
nation=chris_hall,The Free Land of Chris Hall,Iron Fist Consumerists,Outlawed,Frightening,Unheard Of
nation=twente,The Archbishopric of Twente,Psychotic Dictatorship,Outlawed,Frightening,Rare
nation=miratejo,The Republic of Miratejo,Compulsory Consumerist State,Very Good,Frightening,Rare
nation=seven_by_nine,The Dominion of Seven by Nine,Iron Fist Consumerists,Outlawed,Frightening,Outlawed
nation=feckface,The Allmighty Nak Nakian Colony of Feckface,Corporate Police State,Unheard Of,Frightening,Unheard Of
nation=sheeptopia,The Grand Overkingdom of Sheeptopia,Corporate Police State,Unheard Of,Frightening,Unheard Of
nation=new_owningland,The Imperatoria of New Owningland,Iron Fist Consumerists,Few,Frightening,Rare
nation=the_cud,The CUP Imperial Province of The CUD,Inoffensive Centrist Democracy,Excellent,Frightening,Some
nation=euraustralasamerica,The Post-Communist Kleptocracy of Euraustralasamerica,Corporate Police State,Outlawed,Frightening,Unheard Of
nation=zero-one,The Queendom of Zero-One,Capitalizt,Superb,Frightening,Some
nation=treznor,The Empire of Treznor,Democratic Socialists,Good,Frightening,Very Good
nation=hesperonis,The Ur-Quan Masters of Hesperonis,Compulsory Consumerist State,Very Good,Frightening,Few
nation=donkervader,The Slow Loud Breathers of Donkervader,Iron Fist Consumerists,Unheard Of,Frightening,Rare
nation=tzuland,The Military Dictatorship of Tzuland,Psychotic Dictatorship,Unheard Of,Frightening,Unheard Of
nation=free_socialism,The Culture of Free Socialism,Left-wing Utopia,World Benchmark,Frightening,Excessive
nation=psypheria,The Liberated Cartel of Psypheria,Capitalizt,Excellent,Frightening,Good
nation=deamonopolis,The Territory of Deamonopolis,Iron Fist Consumerists,Unheard Of,Frightening,Unheard Of
nation=dra-pol,The Kurosite People's Republic of Dra-pol,Psychotic Dictatorship,Unheard Of,All-Consuming,Unheard Of
nation=rightwingconservatives,The CUP Federal Syndicrats of RightWingConservatives,Free-Market Paradise,Few,Frightening,Excessive
nation=goodnamesarerare,The People's Republic of Goodnamesarerare,Democratic Socialists,Very Good,Frightening,Below Average
nation=godular,The An'Kazar Control Framework of Godular,Civil Rights Lovefest,Excellent,Frightening,Excellent
nation=miraclia,The Miraculous Miracle of Miraclia,Corporate Police State,Unheard Of,Frightening,Unheard Of
nation=miiros,The Consortium of Miiros,Civil Rights Lovefest,World Benchmark,Frightening,Superb
nation=cutote,The People's Republic of Cutote,Corporate Police State,Unheard Of,Frightening,Unheard Of
nation=pseudomonarchy_demonum,The Dominatus Malefici of Pseudomonarchy Demonum,Iron Fist Consumerists,Unheard Of,Frightening,Outlawed
Unique URL,Nation Name,WA Category,Civil Rights,Economy,Political Freedom
nation=dra-pol,The Kurosite People's Republic of Dra-pol,Psychotic Dictatorship,Unheard Of,All-Consuming,Unheard Of
nation=rightwingconservatives,The CUP Federal Syndicrats of RightWingConservatives,Free-Market Paradise,Few,Frightening,Excessive
nation=goodnamesarerare,The People's Republic of Goodnamesarerare,Democratic Socialists,Very Good,Frightening,Below Average
nation=godular,The An'Kazar Control Framework of Godular,Civil Rights Lovefest,Excellent,Frightening,Excellent
nation=miraclia,The Miraculous Miracle of Miraclia,Corporate Police State,Unheard Of,Frightening,Unheard Of
nation=miiros,The Consortium of Miiros,Civil Rights Lovefest,World Benchmark,Frightening,Superb
nation=cutote,The People's Republic of Cutote,Corporate Police State,Unheard Of,Frightening,Unheard Of
nation=pseudomonarchy_demonum,The Dominatus Malefici of Pseudomonarchy Demonum,Iron Fist Consumerists,Unheard Of,Frightening,Outlawed
nation=kampfgruppe_400,The Metal Empire of Kampfgruppe 400,Iron Fist Consumerists,Outlawed,Frightening,Outlawed
nation=the_dark_system,The Mafian Economic Extremist of The Dark System,Compulsory Consumerist State,Below Average,Frightening,Rare
nation=purdunamis,The Eigenstate of PurDunamis,Benevolent Dictatorship,Superb,Frightening,Few
nation=absentia,The Ongoing State of Absentia,Inoffensive Centrist Democracy,Very Good,Frightening,Below Average
nation=megatokyo-3,The Republic of MegaTokyo-3,Inoffensive Centrist Democracy,Excellent,Frightening,Average
nation=zaktoutr,The Reformed Demonic Assembly of Zaktoutr,Corporate Police State,Outlawed,Frightening,Unheard Of
nation=paradise,The Caliphate of Paradise,Corporate Police State,Unheard Of,Frightening,Outlawed
nation=admiral_janeway,The Federal States of Admiral Janeway,Compulsory Consumerist State,Good,Frightening,Few
nation=freddland,The Evil Mad Scientists of Freddland,Iron Fist Consumerists,Few,Frightening,Rare
nation=sunset,The Republic of Sunset,Civil Rights Lovefest,Superb,Frightening,Superb
nation=dragyn,The Iron Mall of Dragyn,Capitalizt,Superb,Frightening,Good
nation=bretton,The Armed Fortress State of Bretton,Capitalist Paradise,Good,Frightening,Some
nation=iansisle,The Gull Flag Republic of Iansisle,Left-Leaning College State,Superb,Frightening,Below Average
nation=whims,The Kingdom of Whims,Civil Rights Lovefest,Superb,Frightening,Superb
nation=menta_lee-il,The Letterman Commie Paradise of Menta Lee-IL,Iron Fist Consumerists,Outlawed,Strong,Unheard Of
nation=tweekville,The Colony of Tweekville,Iron Fist Consumerists,Few,Frightening,Unheard Of
nation=tweeklandia,The Rogue Nation of Tweeklandia,Corporate Police State,Rare,Frightening,Unheard Of
nation=emporer_pudu,The Pantokratic Dominate of Emporer Pudu,Iron Fist Consumerists,Rare,Frightening,Unheard Of
nation=greater_somalia,The United States of Greater Somalia,Liberal Democratic Socialists,Very Good,Frightening,Widely Abused
nation=iznogoud,The Caliphate of Iznogoud,Corporate Police State,Some,Frightening,Rare
nation=i_am_batman,The Hallowed States of I am Batman,Corporate Police State,Unheard Of,Frightening,Outlawed
nation=otaku_stratus,The Athenian Paradise of Otaku Stratus,Civil Rights Lovefest,Superb,Frightening,Superb
nation=the_colonial_fleet,The Dysfunctional Viper Pilots of The Colonial Fleet,Capitalist Paradise,Very Good,Frightening,Some
nation=alien_magic,The Rogue Nation of Alien Magic,Corporate Police State,Unheard Of,Frightening,Unheard Of
nation=clutch2,The Hellish Realm of Clutch2,Iron Fist Consumerists,Unheard Of,Frightening,Unheard Of
nation=multiple_bounty,The Revisionist Republic of Multiple Bounty,Democratic Socialists,Very Good,Frightening,Very Good
nation=natopia,The Restored Empire of Natopia,Left-Leaning College State,Superb,Frightening,Good
nation=46566,The Grand Duchy of 46566,Corrupt Dictatorship,Some,Frightening,Rare
nation=mindalia,The Pristine Redoubt of Mindalia,New York Times Democracy,Excellent,Frightening,Superb
nation=vocenae,The Imperial Star Republic of Vocenae,Compulsory Consumerist State,Some,Frightening,Unheard Of
nation=machina_haruspex,The Sovereign Imperium of Machina Haruspex,Mother Knows Best State,Average,Frightening,Few
nation=varayusha,The People's Republic of Varayusha,Democratic Socialists,Some,Frightening,Average
nation=maulm,The Empire of Maulm,New York Times Democracy,Very Good,Frightening,Excessive
nation=obstinacy,The Disputed Territories of Obstinacy,Democratic Socialists,Good,Frightening,Average
nation=cassaralla,The Grand Duchy of Cassaralla,Father Knows Best State,Average,Frightening,Few
nation=hobbitat,The Precious Taters of Hobbitat,Left-Leaning College State,Excellent,Frightening,Average
nation=nukls-andwicz,The Free Buffet of Nukls-Andwicz,Corporate Police State,Outlawed,Frightening,Unheard Of
nation=rands_objectivity,The Very Masculine Nation of Rands Objectivity,Capitalizt,Superb,Frightening,Excellent
nation=go_canucks_go,The Wet Coast Hockey Republic of Go Canucks Go,Capitalist Paradise,Good,Frightening,Very Good
nation=celtician,The Armed Republic of Celtician,Psychotic Dictatorship,Rare,Frightening,Outlawed
nation=hrstrovokia,The Slavo-Serbian Republic of Hrstrovokia,Corporate Police State,Unheard Of,Frightening,Unheard Of
nation=sigma_octavus,The Great Desert of Sigma Octavus,Iron Fist Consumerists,Rare,All-Consuming,Rare
nation=knootoss,The Dutch Democratic Republic of Knootoss,Civil Rights Lovefest,Superb,Frightening,Superb
nation=chronotopia,The Desolation Dominion of Chronotopia,Iron Fist Consumerists,Unheard Of,Frightening,Unheard Of
nation=kingdinium,The Dominion of Kingdinium,Iron Fist Consumerists,Few,Frightening,Rare
nation=anaxphonia,The Armed Republic of Anaxphonia,Anarchy,Superb,Frightening,Superb
nation=bistrostan,The Empire of Bistrostan,Inoffensive Centrist Democracy,Very Good,Frightening,Average
nation=sanchezonallet,The Undead Nation of Sanchezonallet,Iron Fist Consumerists,Unheard Of,Frightening,Unheard Of
nation=gynostan,The Womyn's Paradise of Gynostan,Psychotic Dictatorship,Outlawed,Frightening,Outlawed
nation=pax_aurea,The Federal Commonwealth of Pax Aurea,Left-wing Utopia,World Benchmark,Frightening,Excessive
nation=child_care_workers,The Nasty Side of Child Care Workers,Iron Fist Consumerists,Unheard Of,Frightening,Rare
nation=s_diego,The Capitalistic Republic of S_diego,Left-Leaning College State,Superb,Frightening,Excellent
nation=saugeen,The Frequently Inebriated Nation of Saugeen,Civil Rights Lovefest,Frightening,Frightening,Corrupted
nation=ultimaweapon,The Holy Empire of UltimaWeapon,Mother Knows Best State,Below Average,Frightening,Rare
nation=woonsocket,The Big Bull of Woonsocket,Inoffensive Centrist Democracy,Excellent,Frightening,Very Good
nation=woollevia,The Academic Dominion of Woollevia,Iron Fist Consumerists,Outlawed,Frightening,Outlawed
nation=the_sinistress,The Glorious Imperium of The Sinistress,Libertarian Police State,Superb,Frightening,Few
nation=tenkistan,The Holy Empire of Tenkistan,Anarchy,Frightening,Frightening,Corrupted
nation=fafhrd,The Barbaric Magnificence of Fafhrd,Compulsory Consumerist State,Very Good,Frightening,Few
nation=teufelvolk,The Dominion of Teufelvolk,Civil Rights Lovefest,World Benchmark,Frightening,Superb
nation=lyras,The Protectorate of Lyras,Iron Fist Consumerists,Unheard Of,Frightening,Unheard Of
nation=ap0calypse,The Self-Proclaimed Empire of AP0CALYPSE,Psychotic Dictatorship,Unheard Of,Frightening,Outlawed
nation=rototornik,The Empire of Rototornik,Iron Fist Consumerists,Unheard Of,Frightening,Unheard Of
nation=orenia,The Rogue State of Orenia,Civil Rights Lovefest,Excessive,Frightening,Superb
nation=artoonia,The Artoonian Empire of Artoonia,Anarchy,Excessive,Frightening,Widely Abused
nation=trouble_nation,The Dominion of Trouble Nation,Inoffensive Centrist Democracy,Good,Frightening,Very Good
nation=mdrunie,The Dictatorship of MDRunie,Inoffensive Centrist Democracy,Excellent,Frightening,Some
nation=sulaymaan,The United Republics of Sulaymaan,Inoffensive Centrist Democracy,Good,Frightening,Excellent
nation=coldheartedbastards,The Cold Hearted Bastardy of ColdHeartedBastards,Civil Rights Lovefest,Superb,Frightening,Superb
nation=omigodtheykilledkenny,The Mysterion Rising of Omigodtheykilledkenny,Capitalizt,Superb,Frightening,Excellent
nation=nation_of_quebec,The Free Secular Federation of Nation of Quebec,Liberal Democratic Socialists,Excellent,Frightening,World Benchmark
nation=rhinara,The Star Sovereignty of Rhinara,Iron Fist Consumerists,Few,All-Consuming,Rare
nation=automagfreek,The Dread Empire of Automagfreek,Inoffensive Centrist Democracy,Very Good,Frightening,Below Average
nation=bettongia,The Disputed Territories of Bettongia,Father Knows Best State,Average,Frightening,Rare
nation=natvia,The Greater Republic of Natvia,Corporate Police State,Few,Frightening,Outlawed
nation=darthstassen,The Infinite Empire of DarthStassen,Father Knows Best State,Average,Frightening,Rare
nation=orthodox_gnosticism,The Tyrol Industries of Orthodox Gnosticism,Father Knows Best State,Below Average,Frightening,Rare
nation=draconis_nightcrawlis,The Einherjers of Draconis Nightcrawlis,Psychotic Dictatorship,Few,Frightening,Outlawed
nation=so88er,The Incorporated States of So88er,Inoffensive Centrist Democracy,Excellent,Frightening,Good
nation=the_strategic_air_command,The United Stratocratic States of The Strategic Air Command,Iron Fist Consumerists,Outlawed,Frightening,Unheard Of
nation=gaberel,The Empire of Gaberel,Iron Fist Consumerists,Unheard Of,Frightening,Rare
nation=overdosed_crackheads,The Dictatorship of Overdosed crackheads,Iron Fist Consumerists,Outlawed,Frightening,Unheard Of
nation=stoklomolvi,The Liaoist Federation of Stoklomolvi,New York Times Democracy,Very Good,Frightening,Superb
nation=valkalan,The Directorate of Valkalan,Capitalist Paradise,Average,Frightening,Below Average
nation=flibblers,The Morally Questionable People of Flibblers,Psychotic Dictatorship,Rare,Fair,Unheard Of
nation=mograpelandia,The Idyllic Paradise of Mograpelandia,Inoffensive Centrist Democracy,Very Good,Frightening,Very Good
nation=armacor,The Conglomerate of Armacor,Capitalizt,Superb,Frightening,Good
nation=valinon,The United Star Empire of Valinon,Left-Leaning College State,Superb,Frightening,Good
nation=feoras,The Ancient and Ethereal Lady of Feoras,Anarchy,Frightening,Frightening,Widely Abused
nation=newtexas,The Big Tex Happy Taco Stands of NewTexas,Civil Rights Lovefest,World Benchmark,Frightening,Excessive
nation=eretzisrael,The Walled Cities of EretzIsrael,Capitalist Paradise,Excellent,Frightening,Very Good
nation=nakina_koreazu,The Mad Empire of Nakina Koreazu,Iron Fist Consumerists,Rare,Frightening,Rare
nation=westburn,The Principality of Westburn,Iron Fist Consumerists,Unheard Of,Frightening,Unheard Of
nation=mercobia,The Socialist Alliance of Mercobia,Liberal Democratic Socialists,Excellent,Frightening,Excellent
nation=complexo,The Numerical Set of Complexo,Democratic Socialists,Excellent,Frightening,Very Good
nation=tzorsland,The Nifty Republic of Tzorsland,Inoffensive Centrist Democracy,Very Good,Frightening,Average
nation=harmonious_paperclips,The Incorporated Entity of Harmonious Paperclips,Iron Fist Consumerists,Few,Frightening,Unheard Of
nation=macisikan,The United Imperial Kingdoms of Macisikan,Inoffensive Centrist Democracy,Excellent,Frightening,Good
nation=shoemannland,The Fascist Peoples of ShoemannLand,Iron Fist Consumerists,Few,Frightening,Outlawed
nation=geckocidron,The Necropolis Tyranny of Geckocidron,Iron Fist Consumerists,Few,Frightening,Unheard Of
nation=frostinia,The Senate and People of Frostinia,Mother Knows Best State,Below Average,Frightening,Rare
nation=kajal,The Federated Imperium of Kajal,Democratic Socialists,Good,Frightening,Good
nation=markreich,The Ostentatious Grand Duchy of Markreich,New York Times Democracy,Very Good,Frightening,Superb
nation=kabayong_malibog,The Holy Green Hotspots of Kabayong Malibog,Anarchy,World Benchmark,Frightening,Widely Abused
nation=dragonic_overlords,The Rogue Nation of Dragonic Overlords,Psychotic Dictatorship,Few,Frightening,Unheard Of
nation=safj,The Serene Compassionate Utopia of Safj,Civil Rights Lovefest,World Benchmark,Frightening,Superb
nation=basementees,The Burman Kakistocracy of Basementees,Democratic Socialists,Very Good,Frightening,Average
nation=starman_deluxe,The Kings are Terrible at Hockey of Starman Deluxe,Corporate Police State,Rare,All-Consuming,Outlawed
nation=new_mesopelagia,The Three Holy Kingdoms of New Mesopelagia,Inoffensive Centrist Democracy,Average,Frightening,Excellent
nation=economic_nirvana,The Corporate-Owned Kingdom of Economic Nirvana,Anarchy,Superb,Frightening,Superb
nation=lemmingcus_meenicus,The Psychotic Dictatorship of Lemmingcus Meenicus,Corporate Police State,Unheard Of,Frightening,Outlawed
nation=canterburie,The Benevolent Dictatorship of Canterburie,Inoffensive Centrist Democracy,Good,Frightening,Excellent
nation=santa_is_satan,The Evil Empire of Santa Is Satan,Compulsory Consumerist State,Below Average,Frightening,Rare
nation=arutiise,The Nuhaatyc Republic of Arutiise,Corrupt Dictatorship,Some,Frightening,Unheard Of
nation=gray_mouser,The Decadent Opulence of Gray Mouser,Capitalizt,Excessive,Frightening,Very Good
nation=arithei,The Imperial Dominion of Arithei,Civil Rights Lovefest,Superb,Frightening,World Benchmark
nation=bai_lung,The Republic of Bai Lung,Iron Fist Consumerists,Few,Frightening,Rare
nation=the_bruce,The Green and Pleasant Dominion of The Bruce,New York Times Democracy,Excellent,Frightening,World Benchmark
nation=theneodynasty,The Chinese Eastern Empire of TheNeoDynasty,Corporate Police State,Rare,Frightening,Outlawed
nation=rich_scholars,The Free Republic of Rich Scholars,Capitalist Paradise,Average,Frightening,Good
nation=corrupted_countries,The Heavily Armed Empire of Corrupted Countries,Corporate Police State,Few,Frightening,Rare
nation=the_scandinvans,The Glorious Empire of The Scandinvans,Capitalizt,Excellent,Frightening,Average
nation=corsaria,The Empire of Corsaria,Corrupt Dictatorship,Average,Powerhouse,Unheard Of
nation=omegadrax,The Dystopic World Nation of Omegadrax,Civil Rights Lovefest,Excessive,Frightening,Excessive
nation=the_stalker,The Mad King of Hell of The Stalker,Father Knows Best State,Below Average,Frightening,Few
nation=pullenstein,The Empire of Pullenstein,Democratic Socialists,Good,Frightening,Some
nation=the_parthians,The Plutocratic Shahdom of The Parthians,Benevolent Dictatorship,World Benchmark,Frightening,Rare
nation=allanea,The Free Kingdom of Allanea,Capitalist Paradise,Excellent,Frightening,Good
nation=klaus_devestatorie,The Avengrynkhal Ascendant of Klaus Devestatorie,Compulsory Consumerist State,Good,Frightening,Rare
nation=peterandia,The Shogunate of Peterandia,Inoffensive Centrist Democracy,Good,Frightening,Good
nation=auman,The Co-Prosperity Sphere of Auman,Father Knows Best State,Some,Frightening,Unheard Of
nation=kaigi,The Kingdom of Kaigi,Corrupt Dictatorship,Very Good,Frightening,Few
nation=ludewa,The Nomadic Peoples of Ludewa,Scandinavian Liberal Paradise,Superb,Frightening,Excellent
nation=new_caldari,The Patriotic Capitalist State of New Caldari,Corporate Police State,Few,Frightening,Rare
nation=zurkerx,The Constitutional Empire of Zurkerx,Anarchy,Excessive,Frightening,Excellent
nation=the_macabees,The Empire of the Golden Throne of The Macabees,Anarchy,Superb,Frightening,World Benchmark
nation=aerospace_forces,The Federal Alliance of Aerospace Forces,Civil Rights Lovefest,World Benchmark,Frightening,Excessive
nation=tappee,The Sprawling Dominion of Tappee,Inoffensive Centrist Democracy,Some,Frightening,Below Average
nation=billybee,The Economic Juggernaut of BillyBee,Capitalist Paradise,Some,Frightening,Good
nation=menelmacar,The Eternal Ascendancy of Menelmacar,Civil Rights Lovefest,Superb,Frightening,World Benchmark
nation=szczuropolis,The Vermindom of Szczuropolis,Inoffensive Centrist Democracy,Excellent,Frightening,Very Good
nation=electronicarts,The Profiteering Corporations of ElectronicArts,Inoffensive Centrist Democracy,Excellent,Frightening,Below Average
nation=steveoville,The Police State of Steveoville,Corporate Police State,Unheard Of,Frightening,Unheard Of
nation=the_nintendo_emerates,The Albertan Patriots of The Nintendo Emerates,Anarchy,Excellent,Frightening,Superb
nation=g_c_bakura,The Shining Islands of G C Bakura,Scandinavian Liberal Paradise,Excellent,Frightening,Good
nation=new_dracora,The Heavily Industrialized State of New Dracora,Inoffensive Centrist Democracy,Excellent,Frightening,Very Good
nation=zamberdaf,The Wealthy Evil Empire of Zamberdaf,Iron Fist Consumerists,Outlawed,Frightening,Unheard Of
nation=brunelian_bg_advocates,The Utopian Paradise of Brunelian BG advocates,Inoffensive Centrist Democracy,Good,Frightening,Excellent
nation=arkayn_stretenby,The Dominion of Arkayn Stretenby,Civil Rights Lovefest,Superb,Frightening,Superb
nation=crystal_palais,The Dominion of Crystal Palais,Scandinavian Liberal Paradise,Superb,Frightening,Very Good
nation=sehvekah,The Armed Asylum of Sehvekah,Libertarian Police State,Superb,Frightening,Rare
nation=gehenna_tartarus,The Empire of Gehenna Tartarus,Corporate Police State,Few,Powerhouse,Unheard Of
nation=wars_forever,The United States of Wars Forever,Iron Fist Consumerists,Unheard Of,Frightening,Rare
nation=sentient_peoples,The Federation of Sentient Peoples,Compulsory Consumerist State,Excellent,Frightening,Rare
nation=warson,The Juggernaught War State of Warson,Compulsory Consumerist State,Below Average,Frightening,Rare
nation=chinese_confederacy,The Confucian Meritocracy of Chinese Confederacy,Inoffensive Centrist Democracy,Average,Frightening,Below Average
nation=urgabah,The People's Socialist Republic of Urgabah,Scandinavian Liberal Paradise,Superb,Frightening,Excellent
nation=sakkra,The Herpetological Empire of Sakkra,New York Times Democracy,Excellent,Frightening,Superb
nation=andaricus,The Constitutional Republic of Andaricus,Anarchy,Frightening,Frightening,Excessive
nation=albarusija,The Socialist Federal Republic of Albarusija,Iron Fist Consumerists,Unheard Of,Frightening,Outlawed
nation=the_new_chinese_states,The Genetic Realm of The New Chinese States,Capitalist Paradise,Good,Frightening,Average
nation=the_sovereign_imperial_overlords,The Empire of The Sovereign Imperial Overlords,Iron Fist Consumerists,Unheard Of,Frightening,Outlawed
nation=ghaunadaur,The Darn Toot'in Nation of GHAUNADAUR,Iron Fist Consumerists,Rare,Frightening,Unheard Of
nation=whereisthatistan,The Anarcho-Capitalist Ogre Fans of Whereisthatistan,Left-Leaning College State,Excellent,Frightening,Good
nation=scottrick,The Doohanity of Scottrick,Civil Rights Lovefest,Frightening,Frightening,Widely Abused
nation=cashdeer,The Libertarian Paradise of Cashdeer,Anarchy,Excessive,Frightening,World Benchmark
nation=teutionia,The Sovereign Covenant of Teutionia,Inoffensive Centrist Democracy,Very Good,Frightening,Few
nation=gallade,The Méritocratique Qui Marchande of Gallade,Anarchy,Excessive,Frightening,Widely Abused
nation=vidare,The Fiefdom of Vidare,Compulsory Consumerist State,Below Average,Frightening,Outlawed
nation=the_glorious_empire,The Harkonnen Dominions of The Glorious Empire,Iron Fist Consumerists,Outlawed,Frightening,Outlawed
nation=brybeisgood,The Republic of Brybeisgood,Iron Fist Consumerists,Outlawed,Frightening,Unheard Of
nation=andaman_and_nicobar,The Incorporated States of Andaman and Nicobar,Capitalist Paradise,Average,Frightening,Below Average
nation=big_jim_p,The Satanic Empire of Big Jim P,Libertarian Police State,Excellent,Frightening,Few
nation=the_goggles,The Confederacy of The Goggles,Iron Fist Consumerists,Few,Frightening,Outlawed
nation=a_baddon,The Armed Republic of A baddon,Inoffensive Centrist Democracy,Very Good,Frightening,Very Good
nation=ballotonia,The Free Democracy of Ballotonia,Liberal Democratic Socialists,Very Good,Frightening,Superb
nation=yannia,The Nudist States of Yannia,Left-wing Utopia,Excessive,Frightening,Superb
nation=the_talisman,The Monocratic Roman Empire of The Talisman,Inoffensive Centrist Democracy,Good,Frightening,Below Average
nation=luna_amore,The N-Space Compression of Luna Amore,Benevolent Dictatorship,Frightening,Frightening,Rare
nation=kyldellian_gilge,The Warzone States of Kyldellian Gilge,Inoffensive Centrist Democracy,Very Good,Frightening,Very Good
nation=eta_carinae,The Anti-Harry Potter Prison of Eta Carinae,Psychotic Dictatorship,Outlawed,Frightening,Unheard Of
nation=enslaved_humans,The Lemmingcus owned slavedom of Enslaved Humans,Iron Fist Consumerists,Unheard Of,Frightening,Outlawed
nation=ikv_nemesis,The Klingon Imperium of IKV Nemesis,Left-Leaning College State,Superb,Frightening,Good
nation=lancaster_of_wessex,The Most Ancient and Noble House of Lancaster of Wessex,Liberal Democratic Socialists,Excellent,Frightening,Superb
nation=zamri1138,The Weirdo Empire of Zamri1138,Corrupt Dictatorship,Below Average,Frightening,Unheard Of
nation=riksland,The Polluted Glowing Wasteland of Riksland,Corporate Police State,Unheard Of,Frightening,Unheard Of
nation=crazed_monkies,The Armed Republic of Crazed monkies,Liberal Democratic Socialists,Very Good,Frightening,Excellent
nation=ameriganastan,The Dictatorship of Ameriganastan,Iron Fist Consumerists,Outlawed,Frightening,Unheard Of
nation=vespertilia,The Cannibalicracy of Vespertilia,Civil Rights Lovefest,Frightening,Frightening,World Benchmark
nation=kyldellian_mencorp,The Warzone States of Kyldellian Mencorp,Liberal Democratic Socialists,Excellent,Frightening,Superb
nation=haedlia,The Holy Empire of Haedlia,Iron Fist Consumerists,Unheard Of,Frightening,Unheard Of
nation=sehlysdre,The Incorporated States of Sehlysdre,Anarchy,World Benchmark,Frightening,Excessive
nation=gruenberg,The Goat-Enabled Plutocracy of Gruenberg,Compulsory Consumerist State,Below Average,Frightening,Few
nation=engala,The Absolute Dictatorship of Engala,Father Knows Best State,Some,Frightening,Unheard Of
nation=rommanda,The Holy Empire of Rommanda,Psychotic Dictatorship,Unheard Of,Frightening,Outlawed
nation=yoriz,The Xenopolis of YoriZ,Civil Rights Lovefest,Superb,Frightening,World Benchmark
nation=kyldellian_zereack,The Warzone States of Kyldellian Zereack,Democratic Socialists,Excellent,Frightening,Excellent
nation=cruciland,The Fascist Legion of Cruciland,Psychotic Dictatorship,Rare,Frightening,Outlawed
nation=mystery7,The Empire of Mystery7,Democratic Socialists,Below Average,Frightening,Average
nation=stevid,The Holy Empire of Stevid,Moralistic Democracy,Some,Frightening,Some
nation=rethan,The Stygian Malignancy of Rethan,Corporate Police State,Rare,Frightening,Outlawed
nation=gravlen,The Supremely Utopian Empire of Gravlen,Father Knows Best State,Good,Frightening,Rare
nation=slam-er,The Mildly Oppressive Republic of SLAM-ER,Civil Rights Lovefest,Excellent,Frightening,Excellent
nation=the_grand_world_order,The Fascist Federation of The Grand World Order,Iron Fist Consumerists,Few,Frightening,Unheard Of
nation=flanderlion,The Glorious Kingdom of Flanderlion,Psychotic Dictatorship,Outlawed,Frightening,Unheard Of
nation=geodesicdragon,The Apocalypse of GeodesicDragon,Iron Fist Consumerists,Unheard Of,Frightening,Unheard Of
nation=inquista,The Most Blessed State of Inquista,Anarchy,World Benchmark,Frightening,World Benchmark
nation=new_arpad,The Empire of New Arpad,Inoffensive Centrist Democracy,Very Good,Frightening,Below Average
nation=athretvari,The High-Technate of Athretvari,New York Times Democracy,Very Good,Frightening,Excellent
nation=hugoland,The Senate and People of Hugoland,Capitalizt,Superb,Frightening,Good
nation=gig_em_aggies,The Galactic Empire of Gig em Aggies,Iron Fist Consumerists,Unheard Of,Frightening,Unheard Of
nation=the_police_state,The Federation of The police state,Iron Fist Consumerists,Few,Frightening,Rare
nation=drakonian_imperium,The Grand Dominion of Drakonian Imperium,Anarchy,Frightening,Frightening,World Benchmark
nation=half-milers,The Classy Realm of Half-Milers,Civil Rights Lovefest,Frightening,Frightening,Widely Abused
nation=tessen,The Republic of Tessen,Inoffensive Centrist Democracy,Average,Frightening,Below Average
nation=brotherhood_of_nod,The Dictatorship of Brotherhood of nod,Corporate Police State,Few,Frightening,Unheard Of
nation=kiasu-ism,The Republic of Kiasu-ism,Inoffensive Centrist Democracy,Average,Frightening,Very Good
nation=tierra_del_queso,The Commonwealth of Tierra del Queso,Left-wing Utopia,World Benchmark,Frightening,Superb
nation=vargr_corsairs,The Confederacy of Vargr Corsairs,New York Times Democracy,Excellent,Frightening,Superb
nation=pq_forge,The Sovereign Corporation of PQ Forge,Iron Fist Consumerists,Outlawed,Frightening,Outlawed
nation=corfad,The Dictatorship of Corfad,Corporate Police State,Unheard Of,Frightening,Unheard Of
nation=disco_empire,The Dominion of Disco Empire,Democratic Socialists,Excellent,Frightening,Excellent
nation=couriers_for_b_bg_a,The Honourable Company of Couriers for B BG a,Compulsory Consumerist State,Average,Frightening,Unheard Of
nation=max_empire,The Illuminated Autocracy of Max Empire,Father Knows Best State,Some,Frightening,Outlawed
nation=vectrova,The Free Imperial Republic of Vectrova,Corrupt Dictatorship,Some,Frightening,Outlawed
nation=random_one,The GV Corporal of Random One,Iron Fist Consumerists,Few,Frightening,Rare
nation=kalmykhia,The Federated Communes of Kalmykhia,Corrupt Dictatorship,Average,Frightening,Rare
nation=tarasovka,The Empire of Tarasovka,Inoffensive Centrist Democracy,Excellent,Frightening,Very Good
nation=heyzay,The Federal Unitary Stratocracy of HeyZay,Father Knows Best State,Average,Frightening,Rare
nation=colonino,The Grand State of Colonino,Inoffensive Centrist Democracy,Very Good,Frightening,Good
nation=krioval,The Imperial Chiefdom of Krioval,Left-wing Utopia,Frightening,Frightening,Superb
nation=the_comedian,The Bitter and Disturbed Irony of The Comedian,Compulsory Consumerist State,Excellent,Frightening,Rare
nation=rindiania,The Rogue Nation of Rindiania,Corporate Police State,Rare,Frightening,Unheard Of
nation=baikalistan,The Post-Apocalyptic Wasteland of Baikalistan,Father Knows Best State,Very Good,Powerhouse,Rare
nation=overbonia,The Emirate of Overbonia,New York Times Democracy,Very Good,Frightening,Superb
nation=veremur,The Empire of Veremur,Iron Fist Consumerists,Outlawed,Frightening,Unheard Of
nation=logical_paradox,The Federation of Logical Paradox,Scandinavian Liberal Paradise,Superb,Frightening,Excellent
nation=marmiedon,The City State of Marmiedon,Left-Leaning College State,Superb,Frightening,Below Average
nation=elejamie,The Unified Tracts of Elejamie,Civil Rights Lovefest,Excessive,Frightening,Superb
nation=steel_butterfly,The Orion Star Empire Capital of Steel Butterfly,Capitalist Paradise,Very Good,Frightening,Average
nation=united_phoenicia,The Free Land of United Phoenicia,Inoffensive Centrist Democracy,Very Good,Frightening,Some
nation=xirnium,The Eternal Republic of Xirnium,Right-wing Utopia,Few,Frightening,Below Average
nation=lederland,The Eternal Dread Empire of Lederland,Father Knows Best State,Average,Frightening,Unheard Of
nation=blackandgold,The Incorporated Republic of BlackandGold,Corporate Police State,Unheard Of,Frightening,Unheard Of
nation=neo_prutenia,The Meritocratic Republic of Neo Prutenia,Civil Rights Lovefest,Superb,Frightening,World Benchmark
nation=paganblood,The Dominion of Paganblood,Compulsory Consumerist State,Average,Frightening,Rare
nation=dreudel,The Omnipotnt All-Owning mpir of Dreudel,Capitalist Paradise,Good,Frightening,Good
nation=supreme_lord_kane,The KINGDOM of Supreme Lord KANE,Democratic Socialists,Average,Frightening,Few
nation=na-khonsu,The Nomadic Peoples of Na-Khonsu,Anarchy,Excellent,Frightening,Superb
nation=wentsworth,The United Republic States of Wentsworth,Father Knows Best State,Below Average,Frightening,Rare
nation=beth_gellert,The Gymanwlad Sosialaidd of Beth Gellert,Left-wing Utopia,Excessive,Frightening,World Benchmark
nation=duxburian_union,The WELCOME HOME of Duxburian Union,Capitalist Paradise,Very Good,Frightening,Very Good
nation=kingdoms_of_cal,The Royal Commonwealth of Kingdoms of Cal,Civil Rights Lovefest,World Benchmark,Frightening,Excessive
nation=borkistan,The Cheftocratic Empire of Borkistan,Civil Rights Lovefest,Superb,Frightening,Superb
nation=darkium,The Galactic Imperium Invictum of Darkium,Corrupt Dictatorship,Excellent,Frightening,Rare
nation=the_big_bad_boo,The Cattery of The Big Bad Boo,Democratic Socialists,Very Good,Frightening,Very Good
nation=new_saradush,The Scorching Desert of New Saradush,Corporate Police State,Outlawed,Frightening,Outlawed
nation=servoth,The Integrated Machine Authority of Servoth,Democratic Socialists,Very Good,Frightening,Average
nation=cocaine,The Private Stash of Cocaine,Capitalist Paradise,Very Good,Frightening,Excellent
nation=farmina,The Democratic Republic of Farmina,Moralistic Democracy,Rare,Frightening,Some
nation=xyanth,The Pirates of Xyanth,Capitalist Paradise,Very Good,Thriving,Good
nation=ace__rimmer,The Holy Red Dwarf of Ace_ Rimmer,New York Times Democracy,Excellent,Frightening,World Benchmark
nation=alemarenvelt,The Revanite Ecclesiocracy of Alemarenvelt,Inoffensive Centrist Democracy,Below Average,Frightening,Good
nation=anti-goatsack,The SmallBall Nation of Anti-Goatsack,Inoffensive Centrist Democracy,Excellent,Frightening,Very Good
nation=alcornia,The Republic of Alcornia,Democratic Socialists,Excellent,Frightening,Below Average
nation=morganham,The Federal Alliance of Morganham,Father Knows Best State,Very Good,Frightening,Rare
nation=archd,The Dictatorship of ArchD,Father Knows Best State,Very Good,Frightening,Rare
nation=alexanderian_macedonia,The Federal Republic of Alexanderian Macedonia,New York Times Democracy,Very Good,Frightening,Excellent
nation=maysai,The New United Empire of Maysai,Father Knows Best State,Some,Frightening,Rare
nation=the_ctan,The Great Civilization of The Ctan,Inoffensive Centrist Democracy,Excellent,Frightening,Good
nation=shiya,The Empire of Shiya,Iron Fist Consumerists,Some,Frightening,Rare
nation=tzepam,The Corporate Imperium of Tzepam,Inoffensive Centrist Democracy,Below Average,Frightening,Below Average
nation=flarbinia,The Galactic Empire of Flarbinia,Iron Fist Consumerists,Some,Frightening,Unheard Of
nation=parhe,The Parhic League Metropolis of Parhe,Anarchy,World Benchmark,Frightening,Widely Abused
nation=enrichment,The Commonwealth of Enrichment,Democratic Socialists,Some,Frightening,Average
nation=hatred_and_darkness,The Undead Empire of Hatred and Darkness,Father Knows Best State,Some,Frightening,Few
nation=psycho_birds,The Sadistic Dungeons of Psycho Birds,Father Knows Best State,Some,Frightening,Rare
nation=beery_bliss,The Drunken Haze of Beery Bliss,Father Knows Best State,Below Average,Frightening,Unheard Of
nation=taledonia,The Remnant of Taledonia,Inoffensive Centrist Democracy,Good,Frightening,Excellent
nation=rhanukhan,The Unified Provinces of Rhanukhan,Liberal Democratic Socialists,Very Good,Frightening,World Benchmark
nation=onderkelkia,The Empire of Onderkelkia,Corporate Police State,Outlawed,Frightening,Unheard Of
nation=impending_damnation,The Free Land of Impending Damnation,Anarchy,World Benchmark,Frightening,Widely Abused
nation=postapocalyptic_terror,The Corporate Dictatorship of Postapocalyptic Terror,Corporate Police State,Some,Frightening,Outlawed
nation=pompous_windbags,The Flatulent Bleatings of Pompous Windbags,Corporate Police State,Unheard Of,Frightening,Rare
nation=reqovia,The Empire of Reqovia,Psychotic Dictatorship,Rare,Frightening,Rare
nation=death_or_life,The Love of Death or Life,Father Knows Best State,Some,Frightening,Unheard Of
nation=buccaruu,The Great Emirate of BuccaRuu,Inoffensive Centrist Democracy,Excellent,Frightening,Excellent
nation=wannabeya,The Republic of Wannabeya,Inoffensive Centrist Democracy,Average,Frightening,Average
nation=rousannas,The Armed Republic of Rousannas,Democratic Socialists,Good,Frightening,Very Good
nation=anarchocapitalistan,The Snow Crash Dystopia of Anarchocapitalistan,Capitalizt,Superb,Frightening,Excellent
nation=wilkshire,The Republic of Wilkshire,Scandinavian Liberal Paradise,Superb,Frightening,Very Good
nation=independent_planets,The Concordium of Independent Planets,Democratic Socialists,Very Good,Frightening,Good
nation=new_rogernomics,The Kingdom of New Rogernomics,Civil Rights Lovefest,Superb,Frightening,Superb
nation=sacred_reich,The Authoritarian Republic of Sacred Reich,Father Knows Best State,Some,Frightening,Rare
nation=weller_centennial,The Existential Quandry of Weller Centennial,Anarchy,World Benchmark,Frightening,Superb
nation=avalnier,The Helpdesk of Avalnier,Iron Fist Consumerists,Rare,Frightening,Rare
nation=haishan,The Techno-Induscracy of Haishan,Father Knows Best State,Some,Frightening,Few
nation=styki,The Kingdom of Styki,Father Knows Best State,Some,Strong,Unheard Of
nation=mikaclysm,The Federation of Mikaclysm,Civil Rights Lovefest,World Benchmark,Frightening,Widely Abused
nation=fa_niente,The Donald Trump USA Dystopia of Fa Niente,Compulsory Consumerist State,Some,Frightening,Rare
nation=serpents_subterfuge,The Rogue Nation of Serpents Subterfuge,Capitalist Paradise,Average,Frightening,Some
nation=general_mike,The Grand Holy Imperial Empire of General Mike,Psychotic Dictatorship,Few,Frightening,Few
nation=genesis_fifteen,The Socialist Federation of Genesis Fifteen,Left-wing Utopia,Frightening,Frightening,Superb
nation=lamoni,The Corgi-Hawk Hybrid of Lamoni,Democratic Socialists,Very Good,Frightening,Below Average
nation=jalliala,The Depressing Hellscape of Jalliala,Psychotic Dictatorship,Outlawed,Frightening,Outlawed
nation=futurus,The Aristocracy of Futurus,Corporate Bordello,Some,Frightening,Widely Abused
nation=slaytania,The Union of Soviet States of Slaytania,Psychotic Dictatorship,Few,Frightening,Rare
nation=almonaster_nuevo,The Zombie Hunters of Almonaster Nuevo,Civil Rights Lovefest,World Benchmark,Frightening,Superb
nation=chicon,The Renmin Minzhu Zhuanzheng of ChiCon,Benevolent Dictatorship,Superb,Frightening,Few
nation=tomzilla,The Imperial Republic of Tomzilla,Civil Rights Lovefest,Superb,Frightening,Superb
nation=demoness,The Dragon's Realm of Demoness,Anarchy,Frightening,Frightening,World Benchmark
nation=san_jose,The City of San Jose,Inoffensive Centrist Democracy,Good,Frightening,Average
nation=snotknocker,The Two Moves of Snotknocker,Compulsory Consumerist State,Very Good,Frightening,Rare
nation=transhumanstan,The Cloud of Transhumanstan,Civil Rights Lovefest,Excellent,Frightening,Excessive
nation=pencil_sharpeners_2,The Panda of Pencil Sharpeners 2,Compulsory Consumerist State,Average,Frightening,Rare
nation=valrknut,The Clad in Gold Republic of Valrknut,Capitalist Paradise,Very Good,Frightening,Very Good
nation=kylarnatia,The Ancient Empire of Kylarnatia,Left-Leaning College State,Excessive,Frightening,Good
nation=the_caleshan_valkyrie,The Convocation Compact of The Caleshan Valkyrie,Inoffensive Centrist Democracy,Very Good,Frightening,Excellent
nation=endolantron,The Beacon Spire of Endolantron,Left-wing Utopia,Excessive,Frightening,Widely Abused
nation=tropical_isles,The Interstellar Empire of Tropical Isles,Civil Rights Lovefest,World Benchmark,Frightening,Superb
nation=uranus08,The Republic of Uranus08,Father Knows Best State,Below Average,Frightening,Rare
nation=xen,The Empire of Xen,Democratic Socialists,Excellent,Frightening,Very Good
nation=alamein,The Empire and Commonwealth of Alamein,Civil Rights Lovefest,Superb,Frightening,Excellent
nation=cynical_alcoholics,The Pub of Cynical Alcoholics,Inoffensive Centrist Democracy,Very Good,Frightening,Few
nation=bamborgia,The Meritocracy of Bamborgia,Inoffensive Centrist Democracy,Below Average,Frightening,Very Good
nation=span,The United Socialist States of Span,Civil Rights Lovefest,Excessive,Thriving,Superb
nation=adaia,The Salacious Exploits of Adaia,Corporate Police State,Few,Frightening,Unheard Of
nation=uniposca,The Great Corporation of UniPosca,Compulsory Consumerist State,Average,Frightening,Few
nation=consigahria,The Just Monocratic Commonwealth of Consigahria,Capitalizt,Excellent,Frightening,Good
nation=bepu,The BEPU of BEPU,Iron Fist Consumerists,Outlawed,Frightening,Outlawed
nation=woolitania,The Glorious Empire of Woolitania,New York Times Democracy,Good,Frightening,Superb
nation=kiljarit,The Militaristic Republic of Kiljarit,Corrupt Dictatorship,Some,Frightening,Unheard Of
nation=eljefe,The Heavily-Legged Strongmen of ElJefe,Inoffensive Centrist Democracy,Excellent,Thriving,Below Average
nation=point_blob,The Amorphous Mass of Point Blob,Left-Leaning College State,Superb,Frightening,Excellent
nation=the_soylent_green_party,The Fresh Juicy Brains of The Soylent Green Party,Anarchy,Frightening,Frightening,Corrupted
nation=loop_quantum_gravity,The Kingdom of Loop Quantum Gravity,Iron Fist Consumerists,Unheard Of,Frightening,Rare
nation=titananium,The Merchant Confederacy of Titananium,Iron Fist Consumerists,Rare,Frightening,Unheard Of
nation=kajstan,The Republic of Kajstan,Inoffensive Centrist Democracy,Good,Frightening,Some
nation=vipermartian,The KINGDOM of VIPERMARTIAN,Democratic Socialists,Average,Frightening,Few
nation=aikion,The Temporal Paradox of Aikion,Anarchy,Excellent,Frightening,Superb
nation=phalanix,The Allied Forces of Phalanix,Father Knows Best State,Some,Frightening,Unheard Of
nation=ruperts,The Wysterian Arkleseizure of Ruperts,Inoffensive Centrist Democracy,Good,Frightening,Very Good
nation=the_palentine,The Evil Conservative Empire of The Palentine,Left-Leaning College State,World Benchmark,Frightening,Very Good
nation=hexalot,The Corporonation of Hexalot,Civil Rights Lovefest,Superb,Frightening,World Benchmark
nation=patrua,The Empire of Patrua,Liberal Democratic Socialists,Excellent,Frightening,Superb
nation=economic_invincibility,The ELF-Eladen Exchange Entrepôt of Economic Invincibility,Capitalist Paradise,Excellent,Frightening,Average
nation=risottia,The People's Grand Duchy of Risottia,Liberal Democratic Socialists,Very Good,Frightening,Excellent
nation=sovereign_california,The Confederated Empire of Sovereign California,Anarchy,Frightening,Frightening,Excessive
nation=the-cid,The Capitalist Alliance of The-CID,Capitalist Paradise,Below Average,Frightening,Very Good
nation=bears_armed,The Free Bears of Bears Armed,Civil Rights Lovefest,Superb,Frightening,Excessive
nation=navigator,The Pirates' Guild of Navigator,Benevolent Dictatorship,Superb,Frightening,Rare
nation=particle,The Interdimensional Domain of Particle,Father Knows Best State,Good,Frightening,Rare
nation=silentiorum,The Congressional Republic of Silentiorum,Left-wing Utopia,Superb,Frightening,Superb
nation=hellfire_facilitators,The Holy Empire of Hellfire Facilitators,Corporate Police State,Some,Strong,Outlawed
nation=aigania,The Federal Republic of Aigania,Left-Leaning College State,Excellent,Frightening,Excellent
nation=expendia,The Monastic Technocracy of Expendia,Corrupt Dictatorship,Some,Frightening,Outlawed
nation=pontbridge,The Republic of Pontbridge,Civil Rights Lovefest,Superb,Frightening,World Benchmark
nation=aztec_national_league,The Nahua Altepetl of Aztec National League,Inoffensive Centrist Democracy,Very Good,Frightening,Very Good
nation=the_seceded_south,The United African Federation of The Seceded South,Left-Leaning College State,Excellent,Frightening,Very Good
nation=vintage_teenagers,The City-State of Vintage Teenagers,Benevolent Dictatorship,Superb,Frightening,Rare
nation=the_happy_civilians,The Free and Holy Republic of The Happy Civilians,Corporate Police State,Unheard Of,Frightening,Unheard Of
nation=lowell_leber,The Aristocratic Regime of Lowell Leber,Capitalist Paradise,Below Average,Frightening,Very Good
nation=thrashia,The Empire of Thrashia,Compulsory Consumerist State,Some,Frightening,Outlawed
nation=yeopbrak,The 2112 of YeopBrak,Father Knows Best State,Some,Frightening,Unheard Of
nation=minroz,The Greater Qing Empire of Minroz,Inoffensive Centrist Democracy,Excellent,Frightening,Average
nation=teritora,The Ancient Kingdom of Teritora,Corrupt Dictatorship,Some,Frightening,Few
nation=ynys_dywyll,The Ymerodraeth Gatholig of Ynys Dywyll,Left-wing Utopia,Superb,Frightening,Excellent
nation=super_mega_awesome,The Entity of Super Mega Awesome,Inoffensive Centrist Democracy,Excellent,Frightening,Below Average
nation=ishmiel,The Protectorate of Ishmiel,Inoffensive Centrist Democracy,Good,Frightening,Average
nation=the_horned_rat,The Under-Empire of The Horned Rat,Father Knows Best State,Some,Frightening,Few
nation=dyzistrolux,The Corporate Imperium of Dyzistrolux,Anarchy,Superb,Frightening,Excellent
nation=frenequesta,The Scientific Collectives of Frenequesta,Left-wing Utopia,Excessive,Frightening,Superb
nation=scandinavian_nations,The Confederate States of Scandinavian Nations,Capitalist Paradise,Excellent,Frightening,Very Good
nation=olmedreca,The State of Olmedreca,Capitalizt,Excellent,Frightening,Excellent
nation=lowsten,The Federation of Lowsten,Anarchy,Excellent,Frightening,Excellent
nation=kundu,The Great Empire of Kundu,Left-Leaning College State,Excellent,Frightening,Very Good
nation=blogotopia,The Anarchy of Blogotopia,Left-Leaning College State,Superb,Frightening,Very Good
nation=arqhua,The Artificial Intelligence of Arqhua,Left-wing Utopia,Superb,Frightening,Superb
nation=g3n13,The Extremely Oppressed Peoples of G3N13,Iron Fist Socialists,Excellent,Frightening,Few
nation=new_dornalia,The Colonial Republic of New Dornalia,Left-Leaning College State,Superb,Frightening,Excellent
nation=socialist_xlyvania,The Imprial Mpir of Socialist Xlyvania,Democratic Socialists,Below Average,Frightening,Very Good
nation=ferrianona,The Green Regency of Ferrianona,Democratic Socialists,Some,Frightening,Average
nation=packilvania,The Caliphate of Packilvania,Father Knows Best State,Very Good,Frightening,Few
nation=aibohphobia,The Recursiveness of Aibohphobia,Psychotic Dictatorship,Outlawed,Frightening,Outlawed
nation=furq2,The Holy Empire of FurQ2,Inoffensive Centrist Democracy,Some,Frightening,Average
nation=newer_gehenna,The Perfect Nation of Newer Gehenna,Iron Fist Consumerists,Outlawed,Frightening,Unheard Of
nation=lamebrainia,The Idiocracy of Lamebrainia,Capitalist Paradise,Some,Frightening,Good
nation=jakania,The Free Republic of Jakania,Inoffensive Centrist Democracy,Good,Strong,Very Good
nation=ral_ixshida,The Ral System Capital World of Ral Ixshida,Liberal Democratic Socialists,Excellent,Frightening,Superb
nation=free4all,The Ambassadorial Office of Free4All,Father Knows Best State,Some,Frightening,Outlawed
nation=zargovia,The Sultanate of Zargovia,Inoffensive Centrist Democracy,Very Good,Frightening,Very Good
nation=dimension_of_planets,The Federation of Dimension of Planets,Father Knows Best State,Some,Frightening,Few
nation=g-tech_corporation,The Landsraad Hegemony of G-Tech Corporation,Democratic Socialists,Some,Frightening,Below Average
nation=libetarian_republics,The Deconstruction of Libetarian Republics,Left-wing Utopia,Superb,Frightening,Superb
nation=boloshniya,The United Economic Republic of Boloshniya,Iron Fist Consumerists,Unheard Of,Frightening,Unheard Of
nation=boogatopia,The Sultanate of Boogatopia,Father Knows Best State,Some,Frightening,Outlawed
nation=avimimus,The Most Serene Republic of Avimimus,Anarchy,World Benchmark,Frightening,World Benchmark
nation=the_race_of_lizards,The Holy Greater Reich of The Race of Lizards,Iron Fist Consumerists,Outlawed,Frightening,Unheard Of
nation=ceidtopia,The Holy Filesharing Empire of Ceidtopia,Capitalizt,Superb,Frightening,Some
nation=delcovia,The Confederacy of Delcovia,Corporate Bordello,Very Good,Frightening,Excellent
nation=ostroeuropa,The Holy and Venerable Horde of Ostroeuropa,Inoffensive Centrist Democracy,Some,Frightening,Few
nation=lavallin,The Irish Dictatorship of Lavallin,Corporate Police State,Some,Frightening,Rare
nation=odinburgh,The United Federation of Odinburgh,Father Knows Best State,Below Average,Frightening,Few
nation=mushet,The Restorative Republic of Mushet,Civil Rights Lovefest,Superb,Frightening,Excellent
nation=claraxia,The Confederate States of Claraxia,Left-Leaning College State,World Benchmark,Frightening,Excellent
nation=spectare,The Empire of Spectare,Corporate Police State,Rare,Frightening,Outlawed
nation=eastfield_lodge,The Imperial Commonwealth of Eastfield Lodge,Democratic Socialists,Average,Frightening,Good
nation=violan,The Voluntarist Lands of Violan,Anarchy,World Benchmark,Frightening,Widely Abused
nation=united_nationalist_republic,The Empire of United Nationalist Republic,Left-Leaning College State,Superb,Frightening,Average
nation=kilobugya,The Socialist Republic of Kilobugya,Left-wing Utopia,Superb,Strong,Superb
nation=the_transpecos,The Free State of The TransPecos,Father Knows Best State,Some,Frightening,Rare
nation=lady_rose,The Fiefdom of Lady Rose,Civil Rights Lovefest,Superb,Frightening,Superb
nation=jurika_jinno,The Grand Duchy of Jurika Jinno,Inoffensive Centrist Democracy,Good,Frightening,Average
nation=kyldellian_halon,The Third Social Alliance of Kyldellian Halon,Inoffensive Centrist Democracy,Good,Frightening,Good
nation=arthymia,The Draconic Lands of Arthymia,Left-Leaning College State,Superb,Frightening,Below Average
nation=spetre,The Holy and Absolute Darkness of Spetre,Iron Fist Consumerists,Outlawed,Frightening,Unheard Of
nation=western_santos,The Republic of Western Santos,Anarchy,Excessive,Frightening,Excessive
nation=kelanthia,The Free Republic of Kelanthia,Father Knows Best State,Good,Frightening,Rare
nation=moderium,The Federical Federations of Moderium,Corrupt Dictatorship,Good,Frightening,Few
nation=timao,The Fielzão of Timao,New York Times Democracy,Excellent,Strong,Superb
nation=demons_of_valkarth,The ELF-Eladen Slave World of Demons of Valkarth,Iron Fist Consumerists,Outlawed,Frightening,Outlawed
nation=worldia555,The Republic of Worldia555,Democratic Socialists,Excellent,Frightening,Very Good
nation=blue_narcissus,The Dazzling Reflection of Blue Narcissus,Corporate Police State,Unheard Of,Frightening,Unheard Of
nation=midshire,The Empire of Midshire,Civil Rights Lovefest,Frightening,Frightening,Excellent
nation=kanaia,The Ocean-Washed Archipelago of Kanaia,Civil Rights Lovefest,Superb,Frightening,World Benchmark
nation=isselmere,The United Kingdom of Isselmere,Scandinavian Liberal Paradise,Superb,Frightening,Excellent
nation=american_orion,The Greater Republic of American Orion,Psychotic Dictatorship,Outlawed,Frightening,Unheard Of
nation=firstaria,The Regno dell'Overlord of Firstaria,Corrupt Dictatorship,Some,Frightening,Unheard Of
nation=greal,The Federal Republic of Greal,Inoffensive Centrist Democracy,Good,Frightening,Good
nation=snorlaxia,The Perfidious Theocracy of Snorlaxia,Left-Leaning College State,Excessive,Frightening,Very Good
nation=that_guy_with_a_tail,The Disputed Territories of That guy with a tail,Civil Rights Lovefest,Superb,Frightening,World Benchmark
nation=elwher,The Confederacy of Elwher,Capitalizt,Superb,Frightening,Very Good
nation=omicron_alpha,The Interstellar Wastelands of Omicron Alpha,Corporate Bordello,Excellent,Frightening,World Benchmark
nation=newtdom,The Empire of Newtdom,Compulsory Consumerist State,Good,Frightening,Rare
nation=falcania,The Free Kingdom of Falcania,Anarchy,World Benchmark,Frightening,Excessive
nation=cr_oscilloscopes,The Island Republic of CR Oscilloscopes,Civil Rights Lovefest,Frightening,Frightening,Excessive
nation=fallen_apples,The Republic of Fallen Apples,Liberal Democratic Socialists,Excellent,Frightening,Superb
nation=golden_triangle,The Community of Golden Triangle,Inoffensive Centrist Democracy,Below Average,Frightening,Few
nation=tzo,The Just of Tzo,Left-wing Utopia,Superb,Fair,Excessive
nation=the_alicorns,The Celestial Imperium of The Alicorns,Civil Rights Lovefest,World Benchmark,Frightening,Excellent
nation=alf_garnett,The Jingoistic States of Alf Garnett,Iron Fist Consumerists,Few,Frightening,Few
nation=trackleelee,The Transcendent Empire of Trackleelee,New York Times Democracy,Some,Frightening,Superb
nation=clu,The Empire of CLU,Left-Leaning College State,Superb,Frightening,Excellent
nation=pamela_and_hepatitis,The B00bs of Pamela And Hepatitis,Civil Rights Lovefest,Superb,Frightening,Excessive
nation=dirina,The Tragic Demise of Dirina,Compulsory Consumerist State,Good,Frightening,Unheard Of
nation=the_bonum_commune_institute,The Technocracy of The Bonum commune Institute,Psychotic Dictatorship,Unheard Of,Frightening,Unheard Of
nation=graysoap,The Two Kingdoms of GraySoap,Civil Rights Lovefest,World Benchmark,Frightening,Superb
nation=zerni,The Free Market Empire of Zerni,Iron Fist Consumerists,Rare,Frightening,Unheard Of
nation=shinaria,The Sovereign Imperial Dominions of Shinaria,Inoffensive Centrist Democracy,Excellent,Frightening,Very Good
nation=gooutofhere,The Culture of Gooutofhere,Mother Knows Best State,Very Good,Frightening,Few
nation=barnavia,The Grand Duchy of Barnavia,Left-wing Utopia,Superb,Frightening,World Benchmark
nation=forostar,The Empire of Forostar,Father Knows Best State,Good,Frightening,Rare
nation=golanchia,The Socialist People's Democracy of Golanchia,Corrupt Dictatorship,Below Average,Frightening,Outlawed
nation=black_ivars,The Vampire Syndicate of Black Ivars,Father Knows Best State,Good,Frightening,Rare
nation=anaxonia,The Greedland of Anaxonia,Compulsory Consumerist State,Very Good,Frightening,Unheard Of
nation=treadwellia,The Obesotocracy of Treadwellia,Iron Fist Consumerists,Unheard Of,Frightening,Rare
nation=ummagumma,The Nihilist Hippy Commune of Ummagumma,Left-wing Utopia,Superb,Frightening,Superb
nation=frennierstan,The Republic of Frennierstan,Inoffensive Centrist Democracy,Excellent,Frightening,Very Good
nation=estavia,The Royal Sovereignty of Estavia,Father Knows Best State,Below Average,Frightening,Outlawed
nation=winnipeg,The People's Republics of Winnipeg,Benevolent Dictatorship,Superb,Frightening,Outlawed
nation=widgetalia,The Trade Congolomorate of Widgetalia,Corporate Police State,Few,Frightening,Rare
nation=stragalestranspets,The Empire of Stragalestranspets,Scandinavian Liberal Paradise,Superb,Frightening,Excellent
nation=cerean,The Empire of Cerean,Compulsory Consumerist State,Below Average,Frightening,Outlawed
nation=ionicus,The Technate of Ionicus,Civil Rights Lovefest,Superb,Frightening,World Benchmark
nation=drakkel,The United States of Drakkel,Right-wing Utopia,Few,Frightening,Some
nation=versail,The Grand Republic of Versail,Father Knows Best State,Average,Frightening,Outlawed
nation=kherkov,The People's Empire of Kherkov,Psychotic Dictatorship,Outlawed,Frightening,Outlawed
nation=the_amazons_daughters,The Amazonian Empire of The Amazons Daughters,Inoffensive Centrist Democracy,Very Good,Frightening,Some
nation=yelda,The People's Democratic Republic of Yelda,Benevolent Dictatorship,World Benchmark,Frightening,Few
nation=mascorp,The Third Social Alliance of Mascorp,Inoffensive Centrist Democracy,Good,Frightening,Very Good
nation=incindia_village,The Dictatorship of Incindia Village,Psychotic Dictatorship,Unheard Of,Frightening,Outlawed
nation=luthercordia,The Great and Holy Nation of Luthercordia,Iron Fist Consumerists,Few,Frightening,Rare
nation=world_war_z,The Zombie Apocalypse Horror of World War Z,Capitalist Paradise,Excellent,Frightening,Good
nation=new_mushroom_kingdom,The Shroom Empire of New Mushroom Kingdom,Compulsory Consumerist State,Very Good,Frightening,Few
nation=snowcat,The Empire of Snowcat,Inoffensive Centrist Democracy,Average,Frightening,Excellent
nation=amigosa,The Imperial Dominion of Amigosa,Corporate Police State,Outlawed,Frightening,Outlawed
nation=uxorem_meam,The Jingoistic States of Uxorem meam,Anarchy,Superb,Frightening,World Benchmark
nation=the_crooked_beat,The People's Republic of The Crooked Beat,Left-wing Utopia,World Benchmark,Frightening,Superb
nation=san_sasnakra,The Grand Duchy of San Sasnakra,Inoffensive Centrist Democracy,Below Average,Frightening,Average
nation=drop_your_pants,The Grizzly Sheep of Drop Your Pants,Iron Fist Consumerists,Some,Frightening,Few
nation=maniaca,The Blessed Kingdom of Maniaca,Benevolent Dictatorship,Superb,Frightening,Outlawed
nation=the_technocracy_of_mekanicus,The Armed Republic of The Technocracy of Mekanicus,Iron Fist Consumerists,Unheard Of,Frightening,Outlawed
nation=humdingerville,The Rogue Nation of Humdingerville,Father Knows Best State,Some,All-Consuming,Outlawed
nation=krematoria,The All-Powerful Rogue Nation of Krematoria,Father Knows Best State,Below Average,Frightening,Rare
